{
  "users": {},
  "resources": [
    {
      "path": "^/index.html$",
      "authorised": ".*"
    },
    {
      "path": "^/favicon.ico$",
      "authorised": ".*"
    },
    {
      "path": "^/sys/overview.html$",
      "authorised": ".*"
    },
    {
      "path": "^/sys/login.html$",
      "authorised": ".*"
    },
    {
      "path": "^/sys/unauthorized.html$",
      "authorised": ".*"
    },
    {
      "path": "^/sys/overview.html$",
      "authorised": ".*"
    },
    {
      "path": "^/sys/controllers.html$",
      "authorised": "^(admin)$"
    },
    {
      "path": "^/sys/cards.html$",
      "authorised": "^(admin|user)$"
    },
    {
      "path": "^/sys/doors.html$",
      "authorised": "^(admin)$"
    },
    {
      "path": "^/sys/groups.html$",
      "authorised": "^(admin)$"
    },
    {
      "path": "^/sys/events.html$",
      "authorised": "^(admin)$"
    },
    {
      "path": "^/sys/logs.html$",
      "authorised": "^(admin)$"
    },
    {
      "path": "^/sys/users.html$",
      "authorised": "^(admin)$"
    },
    {
      "path": "^/sys/password.html$",
      "authorised": ".*"
    },
    {
      "path": "^/other.html$",
      "authorised": ".*"
    },
    {
      "path": "^/password$",
      "authorised": ".*"
    },
    {
      "path": "^/interfaces$",
      "authorised": "^(admin)$"
    },
    {
      "path": "^/controllers$",
      "authorised": "^(admin)$"
    },
    {
      "path": "^/doors$",
      "authorised": "^(admin)$"
    },
    {
      "path": "^/cards$",
      "authorised": "^(admin|user)$"
    },
    {
      "path": "^/groups$",
      "authorised": "^(admin|user)$"
    },
    {
      "path": "^/events$",
      "authorised": "^(admin)$"
    },
    {
      "path": "^/logs$",
      "authorised": "^(admin)$"
    },
    {
      "path": "^/users$",
      "authorised": "^(admin)$"
    },
    {
      "path": "^/otp$",
      "authorised": ".*"
    },
    {
      "path": "^/synchronize/ACL$",
      "authorised": "^(admin)$"
    },
    {
      "path": "^/synchronize/datetime$",
      "authorised": "^(admin)$"
    },
    {
      "path": "^/synchronize/doors$",
      "authorised": "^(admin)$"
    }
  ]
}
