{
  "cards": [
    {
      "OID": "0.4.1",
      "name": "Harry",
      "card": 10058400,
      "from": "2024-01-01",
      "to": "2025-12-31",
      "groups": [
        "0.5.1"
      ],
      "created": "2023-03-02 17:52:55 UTC",
      "modified": "2023-03-03 19:46:11 UTC"
    },
    {
      "OID": "0.4.2",
      "name": "Hermione",
      "card": 10058399,
      "from": "2024-01-01",
      "to": "2025-12-31",
      "groups": [
        "0.5.1"
      ],
      "created": "2023-03-02 17:52:55 UTC",
      "modified": "2023-03-02 19:48:39 UTC"
    },
    {
      "OID": "0.4.6",
      "name": "Luna",
      "card": 10058401,
      "from": "",
      "to": "",
      "groups": [],
      "created": "2024-09-04 17:34:01 UTC",
      "modified": "2024-09-04 17:34:10 UTC"
    }
  ]
}