{
  "cards": [
    {
      "OID": "0.4.2",
      "name": "Harry",
      "card": 8165537,
      "PIN": 7531,
      "from": "2023-01-01",
      "to": "2023-12-31",
      "groups": [
        "0.5.3",
        "0.5.4"
      ],
      "created": "2023-03-02 17:52:55 UTC",
      "modified": "2023-03-03 19:46:11 UTC"
    },
    {
      "OID": "0.4.3",
      "name": "Hermione",
      "card": 8165538,
      "from": "2023-01-01",
      "to": "2023-12-31",
      "groups": [
        "0.5.3",
        "0.5.4",
        "0.5.8"
      ],
      "created": "2023-03-02 17:52:55 UTC",
      "modified": "2023-03-02 19:48:39 UTC"
    },
    {
      "OID": "0.4.1",
      "name": "Dumbledore",
      "card": 8165539,
      "from": "2023-01-01",
      "to": "2023-12-31",
      "groups": [
        "0.5.8",
        "0.5.1"
      ],
      "created": "2023-03-02 17:52:55 UTC",
      "modified": "2023-03-02 19:48:54 UTC"
    }
  ]
}