{
  "controllers": [
    {
      "OID": "0.2.3",
      "name": "Beta",
      "device-id": 303986753,
      "doors": {
        "1": "0.3.4",
        "2": "0.3.5",
        "3": "0.3.6",
        "4": "0.3.7"
      },
      "interlock": 8,
      "created": "2023-03-02 17:51:19 UTC",
      "modified": "2023-08-01 16:38:28 UTC"
    },
    {
      "OID": "0.2.4",
      "name": "Alpha",
      "device-id": 405419896,
      "doors": {
        "1": "0.3.1",
        "2": "0.3.2",
        "3": "0.3.3",
        "4": "0.3.8"
      },
      "interlock": 1,
      "created": "2023-03-02 17:51:19 UTC",
      "modified": "2023-06-07 20:12:30 UTC"
    }
  ]
}