{
  "doors": [
    {
      "OID": "0.3.1",
      "name": "Gryffindor ",
      "delay": 5,
      "mode": "controlled",
      "keypad": true,
      "created": "2023-03-02 17:53:48 UTC",
      "modified": "2023-07-12 18:25:27 UTC"
    },
    {
      "OID": "0.3.2",
      "name": "Ravensclaw",
      "delay": 5,
      "mode": "controlled",
      "created": "2023-03-02 17:54:44 UTC",
      "modified": "2023-03-02 17:54:49 UTC"
    },
    {
      "OID": "0.3.3",
      "name": "Hufflepuff",
      "delay": 5,
      "mode": "controlled",
      "created": "2023-03-02 17:54:31 UTC",
      "modified": "2023-03-02 17:54:42 UTC"
    },
    {
      "OID": "0.3.4",
      "name": "Slytherin",
      "delay": 5,
      "mode": "controlled",
      "created": "2023-03-02 17:54:51 UTC",
      "modified": "2023-07-12 18:23:33 UTC"
    }
  ]
}