{
  "events": [
    {
      "OID": "0.6.16",
      "device-id": 201020304,
      "index": 1006,
      "timestamp": "2020-02-14 19:28:44 UTC",
      "event-type": 1,
      "door": 4,
      "direction": 0,
      "card": 65538,
      "granted": false,
      "reason": 6
    },
    {
      "OID": "0.6.20",
      "device-id": 201020304,
      "index": 1010,
      "timestamp": "2020-02-14 19:58:55 UTC",
      "event-type": 1,
      "door": 4,
      "direction": 0,
      "card": 65538,
      "granted": false,
      "reason": 6
    },
    {
      "OID": "0.6.21",
      "device-id": 405419896,
      "index": 11,
      "timestamp": "2019-07-12 18:36:05 UTC",
      "event-type": 2,
      "door": 1,
      "direction": 1,
      "card": 8165530,
      "granted": true,
      "reason": 0,
      "device-name": "Alpha",
      "door-name": "Gryffindor "
    },
    {
      "OID": "0.6.24",
      "device-id": 405419896,
      "index": 14,
      "timestamp": "2019-07-24 19:59:03 UTC",
      "event-type": 2,
      "door": 1,
      "direction": 1,
      "card": 8165533,
      "granted": true,
      "reason": 0,
      "device-name": "Alpha",
      "door-name": "Gryffindor "
    },
    {
      "OID": "0.6.5",
      "device-id": 405419896,
      "index": 5,
      "timestamp": "2019-07-12 18:17:42 UTC",
      "event-type": 2,
      "door": 1,
      "direction": 1,
      "card": 8165534,
      "granted": true,
      "reason": 0,
      "device-name": "Alpha",
      "door-name": "Gryffindor "
    },
    {
      "OID": "0.6.7",
      "device-id": 405419896,
      "index": 7,
      "timestamp": "2019-07-12 18:21:03 UTC",
      "event-type": 2,
      "door": 1,
      "direction": 1,
      "card": 8165536,
      "granted": true,
      "reason": 0,
      "device-name": "Alpha",
      "door-name": "Gryffindor "
    },
    {
      "OID": "0.6.9",
      "device-id": 405419896,
      "index": 9,
      "timestamp": "2019-07-12 18:22:29 UTC",
      "event-type": 2,
      "door": 1,
      "direction": 1,
      "card": 8165538,
      "granted": true,
      "reason": 0,
      "device-name": "Alpha",
      "door-name": "Gryffindor "
    },
    {
      "OID": "0.6.12",
      "device-id": 201020304,
      "index": 1002,
      "timestamp": "2020-02-14 19:18:47 UTC",
      "event-type": 1,
      "door": 4,
      "direction": 0,
      "card": 65538,
      "granted": false,
      "reason": 6
    },
    {
      "OID": "0.6.17",
      "device-id": 201020304,
      "index": 1007,
      "timestamp": "2020-02-14 19:29:02 UTC",
      "event-type": 1,
      "door": 4,
      "direction": 0,
      "card": 65538,
      "granted": false,
      "reason": 6
    },
    {
      "OID": "0.6.22",
      "device-id": 405419896,
      "index": 12,
      "timestamp": "2019-07-23 20:59:34 UTC",
      "event-type": 2,
      "door": 1,
      "direction": 1,
      "card": 8165531,
      "granted": true,
      "reason": 0,
      "device-name": "Alpha",
      "door-name": "Gryffindor "
    },
    {
      "OID": "0.6.3",
      "device-id": 405419896,
      "index": 3,
      "timestamp": "2019-07-11 20:23:33 UTC",
      "event-type": 2,
      "door": 1,
      "direction": 1,
      "card": 8165532,
      "granted": true,
      "reason": 0,
      "device-name": "Alpha",
      "door-name": "Gryffindor "
    },
    {
      "OID": "0.6.6",
      "device-id": 405419896,
      "index": 6,
      "timestamp": "2019-07-12 18:17:52 UTC",
      "event-type": 2,
      "door": 1,
      "direction": 1,
      "card": 8165535,
      "granted": true,
      "reason": 0,
      "device-name": "Alpha",
      "door-name": "Gryffindor "
    },
    {
      "OID": "0.6.8",
      "device-id": 405419896,
      "index": 8,
      "timestamp": "2019-07-12 18:21:41 UTC",
      "event-type": 2,
      "door": 1,
      "direction": 1,
      "card": 8165537,
      "granted": true,
      "reason": 0,
      "device-name": "Alpha",
      "door-name": "Gryffindor "
    },
    {
      "OID": "0.6.11",
      "device-id": 201020304,
      "index": 1001,
      "timestamp": "2020-02-25 19:55:47 UTC",
      "event-type": 1,
      "door": 4,
      "direction": 0,
      "card": 65538,
      "granted": false,
      "reason": 6
    },
    {
      "OID": "0.6.19",
      "device-id": 201020304,
      "index": 1009,
      "timestamp": "2020-02-14 19:31:31 UTC",
      "event-type": 1,
      "door": 4,
      "direction": 0,
      "card": 65538,
      "granted": false,
      "reason": 6
    },
    {
      "OID": "0.6.25",
      "device-id": 405419896,
      "index": 15,
      "timestamp": "2019-07-24 20:01:06 UTC",
      "event-type": 2,
      "door": 1,
      "direction": 1,
      "card": 8165534,
      "granted": true,
      "reason": 0,
      "device-name": "Alpha",
      "door-name": "Gryffindor "
    },
    {
      "OID": "0.6.4",
      "device-id": 405419896,
      "index": 4,
      "timestamp": "2019-07-12 18:17:25 UTC",
      "event-type": 2,
      "door": 1,
      "direction": 1,
      "card": 8165533,
      "granted": true,
      "reason": 0,
      "device-name": "Alpha",
      "door-name": "Gryffindor "
    },
    {
      "OID": "0.6.10",
      "device-id": 405419896,
      "index": 10,
      "timestamp": "2019-07-12 18:35:09 UTC",
      "event-type": 2,
      "door": 1,
      "direction": 1,
      "card": 8165539,
      "granted": true,
      "reason": 0,
      "device-name": "Alpha",
      "door-name": "Gryffindor "
    },
    {
      "OID": "0.6.14",
      "device-id": 201020304,
      "index": 1004,
      "timestamp": "2020-02-14 19:27:15 UTC",
      "event-type": 1,
      "door": 4,
      "direction": 0,
      "card": 65538,
      "granted": false,
      "reason": 6
    },
    {
      "OID": "0.6.15",
      "device-id": 201020304,
      "index": 1005,
      "timestamp": "2020-02-14 19:28:24 UTC",
      "event-type": 1,
      "door": 4,
      "direction": 0,
      "card": 65538,
      "granted": false,
      "reason": 6
    },
    {
      "OID": "0.6.23",
      "device-id": 405419896,
      "index": 13,
      "timestamp": "2019-07-24 19:46:16 UTC",
      "event-type": 2,
      "door": 1,
      "direction": 1,
      "card": 8165532,
      "granted": true,
      "reason": 0,
      "device-name": "Alpha",
      "door-name": "Gryffindor "
    },
    {
      "OID": "0.6.1",
      "device-id": 405419896,
      "index": 1,
      "timestamp": "2019-07-09 21:00:55 UTC",
      "event-type": 2,
      "door": 1,
      "direction": 1,
      "card": 8165530,
      "granted": true,
      "reason": 0,
      "device-name": "Alpha",
      "door-name": "Gryffindor "
    },
    {
      "OID": "0.6.2",
      "device-id": 405419896,
      "index": 2,
      "timestamp": "2019-07-09 21:00:57 UTC",
      "event-type": 2,
      "door": 1,
      "direction": 1,
      "card": 8165531,
      "granted": true,
      "reason": 0,
      "device-name": "Alpha",
      "door-name": "Gryffindor "
    },
    {
      "OID": "0.6.13",
      "device-id": 201020304,
      "index": 1003,
      "timestamp": "2020-02-14 19:21:37 UTC",
      "event-type": 1,
      "door": 4,
      "direction": 0,
      "card": 65538,
      "granted": false,
      "reason": 6
    },
    {
      "OID": "0.6.18",
      "device-id": 201020304,
      "index": 1008,
      "timestamp": "2020-02-14 19:29:25 UTC",
      "event-type": 1,
      "door": 4,
      "direction": 0,
      "card": 65538,
      "granted": false,
      "reason": 6
    }
  ]
}