{
  "events": [
    {
      "OID": "0.6.80",
      "device-id": 405419896,
      "index": 48,
      "timestamp": "2019-08-06 09:33:55 PDT",
      "event-type": 2,
      "door": 4,
      "direction": 1,
      "card": 8165536,
      "granted": true,
      "reason": 0,
      "door-name": "Hogsmeade"
    },
    {
      "OID": "0.6.28",
      "device-id": 201020304,
      "index": 1013,
      "timestamp": "2020-02-14 20:02:28 PST",
      "event-type": 1,
      "door": 4,
      "direction": 0,
      "card": 65538,
      "granted": false,
      "reason": 6
    },
    {
      "OID": "0.6.16",
      "device-id": 201020304,
      "index": 1006,
      "timestamp": "2020-02-14 19:28:44 PST",
      "event-type": 1,
      "door": 4,
      "direction": 0,
      "card": 65538,
      "granted": false,
      "reason": 6
    },
    {
      "OID": "0.6.35",
      "device-id": 405419896,
      "index": 20,
      "timestamp": "2019-07-24 20:13:58 PDT",
      "event-type": 2,
      "door": 1,
      "direction": 1,
      "card": 8165539,
      "granted": true,
      "reason": 0
    },
    {
      "OID": "0.6.70",
      "device-id": 405419896,
      "index": 38,
      "timestamp": "2019-08-04 20:02:43 PDT",
      "event-type": 2,
      "door": 1,
      "direction": 1,
      "card": 8165537,
      "granted": true,
      "reason": 0,
      "door-name": "Great Hall"
    },
    {
      "OID": "0.6.50",
      "device-id": 405419896,
      "index": 30,
      "timestamp": "2019-08-04 19:55:19 PDT",
      "event-type": 2,
      "door": 1,
      "direction": 1,
      "card": 8165539,
      "granted": true,
      "reason": 0
    },
    {
      "OID": "0.6.117",
      "device-id": 405419896,
      "index": 88,
      "timestamp": "2021-05-05 10:27:00 PDT",
      "event-type": 1,
      "door": 3,
      "direction": 1,
      "card": 8165538,
      "granted": false,
      "reason": 15,
      "door-name": "Dungeon"
    },
    {
      "OID": "0.6.64",
      "device-id": 201020304,
      "index": 1029,
      "timestamp": "2020-02-25 19:55:18 PST",
      "event-type": 1,
      "door": 4,
      "direction": 0,
      "card": 65538,
      "granted": false,
      "reason": 6
    },
    {
      "OID": "0.6.45",
      "device-id": 405419896,
      "index": 25,
      "timestamp": "2019-07-31 20:04:00 PDT",
      "event-type": 2,
      "door": 4,
      "direction": 1,
      "card": 8165534,
      "granted": true,
      "reason": 0
    },
    {
      "OID": "0.6.83",
      "device-id": 405419896,
      "index": 51,
      "timestamp": "",
      "event-type": 0,
      "door": 0,
      "direction": 0,
      "card": 0,
      "granted": false,
      "reason": 0
    },
    {
      "OID": "0.6.59",
      "device-id": 405419896,
      "index": 34,
      "timestamp": "2019-08-04 19:59:11 PDT",
      "event-type": 2,
      "door": 1,
      "direction": 1,
      "card": 8165533,
      "granted": true,
      "reason": 0
    },
    {
      "OID": "0.6.15",
      "device-id": 405419896,
      "index": 10,
      "timestamp": "2019-07-12 18:35:09 PDT",
      "event-type": 2,
      "door": 1,
      "direction": 1,
      "card": 8165539,
      "granted": true,
      "reason": 0
    },
    {
      "OID": "0.6.56",
      "device-id": 405419896,
      "index": 31,
      "timestamp": "2019-08-04 19:55:52 PDT",
      "event-type": 2,
      "door": 1,
      "direction": 1,
      "card": 8165530,
      "granted": true,
      "reason": 0
    },
    {
      "OID": "0.6.76",
      "device-id": 405419896,
      "index": 44,
      "timestamp": "2019-08-04 20:05:30 PDT",
      "event-type": 2,
      "door": 1,
      "direction": 1,
      "card": 8165532,
      "granted": true,
      "reason": 0,
      "door-name": "Great Hall"
    },
    {
      "OID": "0.6.14",
      "device-id": 405419896,
      "index": 9,
      "timestamp": "2019-07-12 18:22:29 PDT",
      "event-type": 2,
      "door": 1,
      "direction": 1,
      "card": 8165538,
      "granted": true,
      "reason": 0
    },
    {
      "OID": "0.6.63",
      "device-id": 201020304,
      "index": 1028,
      "timestamp": "2020-02-25 19:55:17 PST",
      "event-type": 1,
      "door": 4,
      "direction": 0,
      "card": 65538,
      "granted": false,
      "reason": 6
    },
    {
      "OID": "0.6.122",
      "device-id": 405419896,
      "index": 70,
      "timestamp": "2023-09-25 10:18:42 PDT",
      "event-type": 2,
      "door": 3,
      "direction": 1,
      "card": 10,
      "granted": true,
      "reason": 25,
      "device-name": "Alpha",
      "door-name": "Dungeon"
    },
    {
      "OID": "0.6.57",
      "device-id": 405419896,
      "index": 32,
      "timestamp": "2019-08-04 19:56:47 PDT",
      "event-type": 2,
      "door": 1,
      "direction": 1,
      "card": 8165531,
      "granted": true,
      "reason": 0
    },
    {
      "OID": "0.6.1",
      "device-id": 405419896,
      "index": 1,
      "timestamp": "2019-07-09 21:00:55 PDT",
      "event-type": 2,
      "door": 1,
      "direction": 1,
      "card": 8165530,
      "granted": true,
      "reason": 0
    },
    {
      "OID": "0.6.55",
      "device-id": 201020304,
      "index": 1025,
      "timestamp": "2020-02-25 19:55:03 PST",
      "event-type": 1,
      "door": 4,
      "direction": 0,
      "card": 65538,
      "granted": false,
      "reason": 6
    },
    {
      "OID": "0.6.114",
      "device-id": 405419896,
      "index": 85,
      "timestamp": "2021-05-05 10:21:33 PDT",
      "event-type": 1,
      "door": 3,
      "direction": 1,
      "card": 8165538,
      "granted": false,
      "reason": 15,
      "door-name": "Dungeon"
    },
    {
      "OID": "0.6.52",
      "device-id": 201020304,
      "index": 1022,
      "timestamp": "2020-02-25 19:54:59 PST",
      "event-type": 1,
      "door": 4,
      "direction": 0,
      "card": 65538,
      "granted": false,
      "reason": 6
    },
    {
      "OID": "0.6.24",
      "device-id": 405419896,
      "index": 14,
      "timestamp": "2019-07-24 19:59:03 PDT",
      "event-type": 2,
      "door": 1,
      "direction": 1,
      "card": 8165533,
      "granted": true,
      "reason": 0
    },
    {
      "OID": "0.6.98",
      "device-id": 405419896,
      "index": 66,
      "timestamp": "2021-08-10 10:24:52 PDT",
      "event-type": 2,
      "door": 1,
      "direction": 1,
      "card": 8165534,
      "granted": true,
      "reason": 0,
      "door-name": "Great Hall"
    },
    {
      "OID": "0.6.99",
      "device-id": 405419896,
      "index": 67,
      "timestamp": "2021-08-10 10:28:24 PDT",
      "event-type": 1,
      "door": 4,
      "direction": 0,
      "card": 8165535,
      "granted": false,
      "reason": 6,
      "door-name": "Hogsmeade"
    },
    {
      "OID": "0.6.65",
      "device-id": 201020304,
      "index": 1030,
      "timestamp": "2020-02-25 19:55:28 PST",
      "event-type": 1,
      "door": 4,
      "direction": 0,
      "card": 65538,
      "granted": false,
      "reason": 6
    },
    {
      "OID": "0.6.54",
      "device-id": 201020304,
      "index": 1024,
      "timestamp": "2020-02-25 19:55:02 PST",
      "event-type": 1,
      "door": 4,
      "direction": 0,
      "card": 65538,
      "granted": false,
      "reason": 6
    },
    {
      "OID": "0.6.75",
      "device-id": 405419896,
      "index": 43,
      "timestamp": "2019-08-04 20:05:18 PDT",
      "event-type": 2,
      "door": 1,
      "direction": 1,
      "card": 8165531,
      "granted": true,
      "reason": 0,
      "door-name": "Great Hall"
    },
    {
      "OID": "0.6.69",
      "device-id": 405419896,
      "index": 37,
      "timestamp": "2019-08-04 20:02:07 PDT",
      "event-type": 2,
      "door": 1,
      "direction": 1,
      "card": 8165536,
      "granted": true,
      "reason": 0,
      "door-name": "Great Hall"
    },
    {
      "OID": "0.6.71",
      "device-id": 405419896,
      "index": 39,
      "timestamp": "2019-08-04 20:03:36 PDT",
      "event-type": 2,
      "door": 1,
      "direction": 1,
      "card": 8165538,
      "granted": true,
      "reason": 0,
      "door-name": "Great Hall"
    },
    {
      "OID": "0.6.62",
      "device-id": 201020304,
      "index": 1027,
      "timestamp": "2020-02-25 19:55:16 PST",
      "event-type": 1,
      "door": 4,
      "direction": 0,
      "card": 65538,
      "granted": false,
      "reason": 6
    },
    {
      "OID": "0.6.18",
      "device-id": 201020304,
      "index": 1008,
      "timestamp": "2020-02-14 19:29:25 PST",
      "event-type": 1,
      "door": 4,
      "direction": 0,
      "card": 65538,
      "granted": false,
      "reason": 6
    },
    {
      "OID": "0.6.4",
      "device-id": 405419896,
      "index": 4,
      "timestamp": "2019-07-12 18:17:25 PDT",
      "event-type": 2,
      "door": 1,
      "direction": 1,
      "card": 8165533,
      "granted": true,
      "reason": 0
    },
    {
      "OID": "0.6.102",
      "device-id": 405419896,
      "index": 73,
      "timestamp": "2021-05-05 09:17:52 PDT",
      "event-type": 2,
      "door": 3,
      "direction": 1,
      "card": 8165538,
      "granted": true,
      "reason": 1,
      "door-name": "Dungeon"
    },
    {
      "OID": "0.6.108",
      "device-id": 405419896,
      "index": 79,
      "timestamp": "2021-05-05 09:34:23 PDT",
      "event-type": 2,
      "door": 3,
      "direction": 1,
      "card": 8165538,
      "granted": true,
      "reason": 1,
      "door-name": "Dungeon"
    },
    {
      "OID": "0.6.73",
      "device-id": 405419896,
      "index": 41,
      "timestamp": "2019-08-04 20:04:31 PDT",
      "event-type": 2,
      "door": 1,
      "direction": 1,
      "card": 8165539,
      "granted": true,
      "reason": 0,
      "door-name": "Great Hall"
    },
    {
      "OID": "0.6.104",
      "device-id": 405419896,
      "index": 75,
      "timestamp": "2021-05-05 09:18:39 PDT",
      "event-type": 2,
      "door": 3,
      "direction": 1,
      "card": 8165538,
      "granted": true,
      "reason": 1,
      "door-name": "Dungeon"
    },
    {
      "OID": "0.6.111",
      "device-id": 405419896,
      "index": 82,
      "timestamp": "2021-05-05 09:55:43 PDT",
      "event-type": 2,
      "door": 3,
      "direction": 1,
      "card": 8165538,
      "granted": true,
      "reason": 1,
      "door-name": "Dungeon"
    },
    {
      "OID": "0.6.107",
      "device-id": 405419896,
      "index": 78,
      "timestamp": "2021-05-05 09:19:07 PDT",
      "event-type": 2,
      "door": 3,
      "direction": 1,
      "card": 8165538,
      "granted": true,
      "reason": 1,
      "door-name": "Dungeon"
    },
    {
      "OID": "0.6.116",
      "device-id": 405419896,
      "index": 87,
      "timestamp": "2021-05-05 10:22:18 PDT",
      "event-type": 2,
      "door": 3,
      "direction": 1,
      "card": 8165538,
      "granted": true,
      "reason": 1,
      "door-name": "Dungeon"
    },
    {
      "OID": "0.6.46",
      "device-id": 405419896,
      "index": 26,
      "timestamp": "2019-07-31 20:04:32 PDT",
      "event-type": 1,
      "door": 4,
      "direction": 0,
      "card": 8165535,
      "granted": false,
      "reason": 0
    },
    {
      "OID": "0.6.13",
      "device-id": 405419896,
      "index": 8,
      "timestamp": "2019-07-12 18:21:41 PDT",
      "event-type": 2,
      "door": 1,
      "direction": 1,
      "card": 8165537,
      "granted": true,
      "reason": 0
    },
    {
      "OID": "0.6.31",
      "device-id": 405419896,
      "index": 16,
      "timestamp": "2019-07-24 20:11:14 PDT",
      "event-type": 2,
      "door": 1,
      "direction": 1,
      "card": 8165535,
      "granted": true,
      "reason": 0
    },
    {
      "OID": "0.6.95",
      "device-id": 405419896,
      "index": 63,
      "timestamp": "2021-08-10 10:20:04 PDT",
      "event-type": 2,
      "door": 1,
      "direction": 1,
      "card": 8165531,
      "granted": true,
      "reason": 0,
      "door-name": "Great Hall"
    },
    {
      "OID": "0.6.103",
      "device-id": 405419896,
      "index": 74,
      "timestamp": "2021-05-05 09:18:14 PDT",
      "event-type": 1,
      "door": 3,
      "direction": 1,
      "card": 8165538,
      "granted": false,
      "reason": 15,
      "door-name": "Dungeon"
    },
    {
      "OID": "0.6.51",
      "device-id": 201020304,
      "index": 1021,
      "timestamp": "2020-02-25 19:54:47 PST",
      "event-type": 1,
      "door": 4,
      "direction": 0,
      "card": 65538,
      "granted": false,
      "reason": 6
    },
    {
      "OID": "0.6.120",
      "device-id": 405419896,
      "index": 91,
      "timestamp": "2021-05-05 10:33:34 PDT",
      "event-type": 1,
      "door": 3,
      "direction": 1,
      "card": 8165538,
      "granted": false,
      "reason": 15,
      "door-name": "Dungeon"
    },
    {
      "OID": "0.6.37",
      "device-id": 201020304,
      "index": 1017,
      "timestamp": "2020-02-14 20:09:17 PST",
      "event-type": 1,
      "door": 4,
      "direction": 0,
      "card": 65538,
      "granted": false,
      "reason": 6
    },
    {
      "OID": "0.6.34",
      "device-id": 405419896,
      "index": 19,
      "timestamp": "2019-07-24 20:13:49 PDT",
      "event-type": 2,
      "door": 1,
      "direction": 1,
      "card": 8165538,
      "granted": true,
      "reason": 0
    },
    {
      "OID": "0.6.25",
      "device-id": 405419896,
      "index": 15,
      "timestamp": "2019-07-24 20:01:06 PDT",
      "event-type": 2,
      "door": 1,
      "direction": 1,
      "card": 8165534,
      "granted": true,
      "reason": 0
    },
    {
      "OID": "0.6.29",
      "device-id": 201020304,
      "index": 1014,
      "timestamp": "2020-02-14 20:02:34 PST",
      "event-type": 1,
      "door": 4,
      "direction": 0,
      "card": 65538,
      "granted": false,
      "reason": 6
    },
    {
      "OID": "0.6.109",
      "device-id": 405419896,
      "index": 80,
      "timestamp": "2021-05-05 09:37:52 PDT",
      "event-type": 1,
      "door": 3,
      "direction": 1,
      "card": 8165538,
      "granted": false,
      "reason": 15,
      "door-name": "Dungeon"
    },
    {
      "OID": "0.6.86",
      "device-id": 405419896,
      "index": 54,
      "timestamp": "",
      "event-type": 0,
      "door": 0,
      "direction": 0,
      "card": 0,
      "granted": false,
      "reason": 0
    },
    {
      "OID": "0.6.110",
      "device-id": 405419896,
      "index": 81,
      "timestamp": "2021-05-05 09:38:05 PDT",
      "event-type": 2,
      "door": 3,
      "direction": 1,
      "card": 8165538,
      "granted": true,
      "reason": 1,
      "door-name": "Dungeon"
    },
    {
      "OID": "0.6.93",
      "device-id": 405419896,
      "index": 61,
      "timestamp": "2019-08-10 10:19:48 PDT",
      "event-type": 1,
      "door": 4,
      "direction": 0,
      "card": 8165539,
      "granted": false,
      "reason": 0,
      "door-name": "Hogsmeade"
    },
    {
      "OID": "0.6.92",
      "device-id": 405419896,
      "index": 60,
      "timestamp": "2020-08-10 09:54:32 PDT",
      "event-type": 2,
      "door": 4,
      "direction": 1,
      "card": 8165538,
      "granted": true,
      "reason": 0,
      "door-name": "Hogsmeade"
    },
    {
      "OID": "0.6.53",
      "device-id": 201020304,
      "index": 1023,
      "timestamp": "2020-02-25 19:55:01 PST",
      "event-type": 1,
      "door": 4,
      "direction": 0,
      "card": 65538,
      "granted": false,
      "reason": 6
    },
    {
      "OID": "0.6.30",
      "device-id": 201020304,
      "index": 1015,
      "timestamp": "2020-02-14 20:02:44 PST",
      "event-type": 1,
      "door": 4,
      "direction": 0,
      "card": 65538,
      "granted": false,
      "reason": 6
    },
    {
      "OID": "0.6.39",
      "device-id": 201020304,
      "index": 1019,
      "timestamp": "2020-02-14 20:18:04 PST",
      "event-type": 1,
      "door": 4,
      "direction": 0,
      "card": 65538,
      "granted": false,
      "reason": 6
    },
    {
      "OID": "0.6.74",
      "device-id": 405419896,
      "index": 42,
      "timestamp": "2019-08-04 20:04:44 PDT",
      "event-type": 2,
      "door": 1,
      "direction": 1,
      "card": 8165530,
      "granted": true,
      "reason": 0,
      "door-name": "Great Hall"
    },
    {
      "OID": "0.6.10",
      "device-id": 201020304,
      "index": 1005,
      "timestamp": "2020-02-14 19:28:24 PST",
      "event-type": 1,
      "door": 4,
      "direction": 0,
      "card": 65538,
      "granted": false,
      "reason": 6
    },
    {
      "OID": "0.6.61",
      "device-id": 201020304,
      "index": 1026,
      "timestamp": "2020-02-25 19:55:07 PST",
      "event-type": 1,
      "door": 4,
      "direction": 0,
      "card": 65538,
      "granted": false,
      "reason": 6
    },
    {
      "OID": "0.6.97",
      "device-id": 405419896,
      "index": 65,
      "timestamp": "2021-08-10 10:24:47 PDT",
      "event-type": 2,
      "door": 4,
      "direction": 1,
      "card": 8165533,
      "granted": true,
      "reason": 1,
      "door-name": "Hogsmeade"
    },
    {
      "OID": "0.6.22",
      "device-id": 405419896,
      "index": 12,
      "timestamp": "2019-07-23 20:59:34 PDT",
      "event-type": 2,
      "door": 1,
      "direction": 1,
      "card": 8165531,
      "granted": true,
      "reason": 0
    },
    {
      "OID": "0.6.115",
      "device-id": 405419896,
      "index": 86,
      "timestamp": "2021-05-05 10:22:01 PDT",
      "event-type": 2,
      "door": 3,
      "direction": 1,
      "card": 8165538,
      "granted": true,
      "reason": 1,
      "door-name": "Dungeon"
    },
    {
      "OID": "0.6.81",
      "device-id": 405419896,
      "index": 49,
      "timestamp": "2019-08-06 09:34:35 PDT",
      "event-type": 2,
      "door": 4,
      "direction": 1,
      "card": 8165537,
      "granted": true,
      "reason": 0,
      "door-name": "Hogsmeade"
    },
    {
      "OID": "0.6.40",
      "device-id": 201020304,
      "index": 1020,
      "timestamp": "2020-02-25 19:49:24 PST",
      "event-type": 1,
      "door": 4,
      "direction": 0,
      "card": 65538,
      "granted": false,
      "reason": 6
    },
    {
      "OID": "0.6.100",
      "device-id": 405419896,
      "index": 68,
      "timestamp": "2021-08-10 10:28:28 PDT",
      "event-type": 2,
      "door": 4,
      "direction": 1,
      "card": 8165536,
      "granted": true,
      "reason": 1,
      "door-name": "Hogsmeade"
    },
    {
      "OID": "0.6.72",
      "device-id": 405419896,
      "index": 40,
      "timestamp": "2019-08-04 20:04:09 PDT",
      "event-type": 2,
      "door": 1,
      "direction": 1,
      "card": 8165539,
      "granted": true,
      "reason": 0,
      "door-name": "Great Hall"
    },
    {
      "OID": "0.6.87",
      "device-id": 405419896,
      "index": 55,
      "timestamp": "",
      "event-type": 0,
      "door": 0,
      "direction": 0,
      "card": 0,
      "granted": false,
      "reason": 0
    },
    {
      "OID": "0.6.49",
      "device-id": 405419896,
      "index": 29,
      "timestamp": "2019-08-03 10:34:29 PDT",
      "event-type": 2,
      "door": 1,
      "direction": 1,
      "card": 8165538,
      "granted": true,
      "reason": 0
    },
    {
      "OID": "0.6.27",
      "device-id": 201020304,
      "index": 1012,
      "timestamp": "2020-02-14 20:01:28 PST",
      "event-type": 1,
      "door": 4,
      "direction": 0,
      "card": 65538,
      "granted": false,
      "reason": 6
    },
    {
      "OID": "0.6.32",
      "device-id": 405419896,
      "index": 17,
      "timestamp": "2019-07-24 20:12:43 PDT",
      "event-type": 2,
      "door": 1,
      "direction": 1,
      "card": 8165536,
      "granted": true,
      "reason": 0
    },
    {
      "OID": "0.6.38",
      "device-id": 201020304,
      "index": 1018,
      "timestamp": "2020-02-14 20:09:22 PST",
      "event-type": 1,
      "door": 4,
      "direction": 0,
      "card": 65538,
      "granted": false,
      "reason": 6
    },
    {
      "OID": "0.6.47",
      "device-id": 405419896,
      "index": 27,
      "timestamp": "2019-07-31 20:07:27 PDT",
      "event-type": 2,
      "door": 4,
      "direction": 1,
      "card": 8165536,
      "granted": true,
      "reason": 0
    },
    {
      "OID": "0.6.118",
      "device-id": 405419896,
      "index": 89,
      "timestamp": "2021-05-05 10:33:08 PDT",
      "event-type": 1,
      "door": 3,
      "direction": 1,
      "card": 8165538,
      "granted": false,
      "reason": 15,
      "door-name": "Dungeon"
    },
    {
      "OID": "0.6.85",
      "device-id": 405419896,
      "index": 53,
      "timestamp": "",
      "event-type": 0,
      "door": 0,
      "direction": 0,
      "card": 0,
      "granted": false,
      "reason": 0
    },
    {
      "OID": "0.6.2",
      "device-id": 405419896,
      "index": 2,
      "timestamp": "2019-07-09 21:00:57 PDT",
      "event-type": 2,
      "door": 1,
      "direction": 1,
      "card": 8165531,
      "granted": true,
      "reason": 0
    },
    {
      "OID": "0.6.48",
      "device-id": 405419896,
      "index": 28,
      "timestamp": "2019-07-31 20:07:35 PDT",
      "event-type": 2,
      "door": 4,
      "direction": 1,
      "card": 8165537,
      "granted": true,
      "reason": 0
    },
    {
      "OID": "0.6.119",
      "device-id": 405419896,
      "index": 90,
      "timestamp": "2021-05-05 10:33:21 PDT",
      "event-type": 1,
      "door": 3,
      "direction": 1,
      "card": 8165538,
      "granted": false,
      "reason": 15,
      "door-name": "Dungeon"
    },
    {
      "OID": "0.6.113",
      "device-id": 405419896,
      "index": 84,
      "timestamp": "2021-05-05 10:21:12 PDT",
      "event-type": 2,
      "door": 3,
      "direction": 1,
      "card": 8165538,
      "granted": true,
      "reason": 1,
      "door-name": "Dungeon"
    },
    {
      "OID": "0.6.19",
      "device-id": 201020304,
      "index": 1009,
      "timestamp": "2020-02-14 19:31:31 PST",
      "event-type": 1,
      "door": 4,
      "direction": 0,
      "card": 65538,
      "granted": false,
      "reason": 6
    },
    {
      "OID": "0.6.43",
      "device-id": 405419896,
      "index": 23,
      "timestamp": "2019-07-24 20:31:18 PDT",
      "event-type": 2,
      "door": 1,
      "direction": 1,
      "card": 8165532,
      "granted": true,
      "reason": 0
    },
    {
      "OID": "0.6.36",
      "device-id": 201020304,
      "index": 1016,
      "timestamp": "2020-02-14 20:09:13 PST",
      "event-type": 1,
      "door": 4,
      "direction": 0,
      "card": 65538,
      "granted": false,
      "reason": 6
    },
    {
      "OID": "0.6.68",
      "device-id": 405419896,
      "index": 36,
      "timestamp": "2019-08-04 20:00:41 PDT",
      "event-type": 2,
      "door": 1,
      "direction": 1,
      "card": 8165535,
      "granted": true,
      "reason": 0,
      "door-name": "Great Hall"
    },
    {
      "OID": "0.6.89",
      "device-id": 405419896,
      "index": 57,
      "timestamp": "2020-08-10 09:47:26 PDT",
      "event-type": 2,
      "door": 1,
      "direction": 1,
      "card": 8165535,
      "granted": true,
      "reason": 0,
      "door-name": "Great Hall"
    },
    {
      "OID": "0.6.121",
      "device-id": 405419896,
      "index": 92,
      "timestamp": "2021-05-05 10:47:54 PDT",
      "event-type": 1,
      "door": 3,
      "direction": 1,
      "card": 8165538,
      "granted": false,
      "reason": 15,
      "door-name": "Dungeon"
    },
    {
      "OID": "0.6.26",
      "device-id": 201020304,
      "index": 1011,
      "timestamp": "2020-02-14 19:59:21 PST",
      "event-type": 1,
      "door": 4,
      "direction": 0,
      "card": 65538,
      "granted": false,
      "reason": 6
    },
    {
      "OID": "0.6.96",
      "device-id": 405419896,
      "index": 64,
      "timestamp": "2021-08-10 10:24:44 PDT",
      "event-type": 1,
      "door": 4,
      "direction": 0,
      "card": 8165532,
      "granted": false,
      "reason": 6,
      "door-name": "Hogsmeade"
    },
    {
      "OID": "0.6.105",
      "device-id": 405419896,
      "index": 76,
      "timestamp": "2021-05-05 09:18:48 PDT",
      "event-type": 2,
      "door": 3,
      "direction": 1,
      "card": 8165538,
      "granted": true,
      "reason": 1,
      "door-name": "Dungeon"
    },
    {
      "OID": "0.6.60",
      "device-id": 405419896,
      "index": 35,
      "timestamp": "2019-08-04 19:59:59 PDT",
      "event-type": 2,
      "door": 1,
      "direction": 1,
      "card": 8165534,
      "granted": true,
      "reason": 0
    },
    {
      "OID": "0.6.112",
      "device-id": 405419896,
      "index": 83,
      "timestamp": "2021-05-05 09:56:14 PDT",
      "event-type": 2,
      "door": 3,
      "direction": 1,
      "card": 8165538,
      "granted": true,
      "reason": 1,
      "door-name": "Dungeon"
    },
    {
      "OID": "0.6.66",
      "device-id": 201020304,
      "index": 1031,
      "timestamp": "2020-02-25 19:55:30 PST",
      "event-type": 1,
      "door": 4,
      "direction": 0,
      "card": 65538,
      "granted": false,
      "reason": 6
    },
    {
      "OID": "0.6.33",
      "device-id": 405419896,
      "index": 18,
      "timestamp": "2019-07-24 20:12:59 PDT",
      "event-type": 2,
      "door": 1,
      "direction": 1,
      "card": 8165537,
      "granted": true,
      "reason": 0
    },
    {
      "OID": "0.6.78",
      "device-id": 405419896,
      "index": 46,
      "timestamp": "2019-08-04 20:09:13 PDT",
      "event-type": 2,
      "door": 1,
      "direction": 1,
      "card": 8165534,
      "granted": true,
      "reason": 0,
      "door-name": "Great Hall"
    },
    {
      "OID": "0.6.9",
      "device-id": 201020304,
      "index": 1004,
      "timestamp": "2020-02-14 19:27:15 PST",
      "event-type": 1,
      "door": 4,
      "direction": 0,
      "card": 65538,
      "granted": false,
      "reason": 6
    },
    {
      "OID": "0.6.12",
      "device-id": 405419896,
      "index": 7,
      "timestamp": "2019-07-12 18:21:03 PDT",
      "event-type": 2,
      "door": 1,
      "direction": 1,
      "card": 8165536,
      "granted": true,
      "reason": 0
    },
    {
      "OID": "0.6.42",
      "device-id": 405419896,
      "index": 22,
      "timestamp": "2019-07-24 20:23:59 PDT",
      "event-type": 2,
      "door": 1,
      "direction": 1,
      "card": 8165531,
      "granted": true,
      "reason": 0
    },
    {
      "OID": "0.6.77",
      "device-id": 405419896,
      "index": 45,
      "timestamp": "2019-08-04 20:05:33 PDT",
      "event-type": 2,
      "door": 1,
      "direction": 1,
      "card": 8165533,
      "granted": true,
      "reason": 0,
      "door-name": "Great Hall"
    },
    {
      "OID": "0.6.88",
      "device-id": 405419896,
      "index": 56,
      "timestamp": "2020-08-10 09:47:18 PDT",
      "event-type": 2,
      "door": 4,
      "direction": 1,
      "card": 8165534,
      "granted": true,
      "reason": 0,
      "door-name": "Hogsmeade"
    },
    {
      "OID": "0.6.90",
      "device-id": 405419896,
      "index": 58,
      "timestamp": "2020-08-10 09:52:23 PDT",
      "event-type": 2,
      "door": 4,
      "direction": 1,
      "card": 8165536,
      "granted": true,
      "reason": 0,
      "door-name": "Hogsmeade"
    },
    {
      "OID": "0.6.5",
      "device-id": 405419896,
      "index": 5,
      "timestamp": "2019-07-12 18:17:42 PDT",
      "event-type": 2,
      "door": 1,
      "direction": 1,
      "card": 8165534,
      "granted": true,
      "reason": 0
    },
    {
      "OID": "0.6.7",
      "device-id": 201020304,
      "index": 1002,
      "timestamp": "2020-02-14 19:18:47 PST",
      "event-type": 1,
      "door": 4,
      "direction": 0,
      "card": 65538,
      "granted": false,
      "reason": 6
    },
    {
      "OID": "0.6.58",
      "device-id": 405419896,
      "index": 33,
      "timestamp": "2019-08-04 19:57:37 PDT",
      "event-type": 2,
      "door": 1,
      "direction": 1,
      "card": 8165532,
      "granted": true,
      "reason": 0
    },
    {
      "OID": "0.6.67",
      "device-id": 201020304,
      "index": 1032,
      "timestamp": "2020-02-25 19:55:40 PST",
      "event-type": 1,
      "door": 4,
      "direction": 0,
      "card": 65538,
      "granted": false,
      "reason": 6
    },
    {
      "OID": "0.6.41",
      "device-id": 405419896,
      "index": 21,
      "timestamp": "2019-07-24 20:14:06 PDT",
      "event-type": 2,
      "door": 1,
      "direction": 1,
      "card": 8165530,
      "granted": true,
      "reason": 0
    },
    {
      "OID": "0.6.23",
      "device-id": 405419896,
      "index": 13,
      "timestamp": "2019-07-24 19:46:16 PDT",
      "event-type": 2,
      "door": 1,
      "direction": 1,
      "card": 8165532,
      "granted": true,
      "reason": 0
    },
    {
      "OID": "0.6.82",
      "device-id": 405419896,
      "index": 50,
      "timestamp": "2019-08-09 16:18:55 PDT",
      "event-type": 2,
      "door": 4,
      "direction": 1,
      "card": 8165538,
      "granted": true,
      "reason": 0,
      "door-name": "Hogsmeade"
    },
    {
      "OID": "0.6.79",
      "device-id": 405419896,
      "index": 47,
      "timestamp": "2019-08-05 10:33:29 PDT",
      "event-type": 2,
      "door": 1,
      "direction": 1,
      "card": 8165535,
      "granted": true,
      "reason": 0,
      "door-name": "Great Hall"
    },
    {
      "OID": "0.6.3",
      "device-id": 405419896,
      "index": 3,
      "timestamp": "2019-07-11 20:23:33 PDT",
      "event-type": 2,
      "door": 1,
      "direction": 1,
      "card": 8165532,
      "granted": true,
      "reason": 0
    },
    {
      "OID": "0.6.17",
      "device-id": 201020304,
      "index": 1007,
      "timestamp": "2020-02-14 19:29:02 PST",
      "event-type": 1,
      "door": 4,
      "direction": 0,
      "card": 65538,
      "granted": false,
      "reason": 6
    },
    {
      "OID": "0.6.91",
      "device-id": 405419896,
      "index": 59,
      "timestamp": "2020-08-10 09:53:41 PDT",
      "event-type": 2,
      "door": 4,
      "direction": 1,
      "card": 8165537,
      "granted": true,
      "reason": 0,
      "door-name": "Hogsmeade"
    },
    {
      "OID": "0.6.6",
      "device-id": 201020304,
      "index": 1001,
      "timestamp": "2020-02-25 19:55:47 PST",
      "event-type": 1,
      "door": 4,
      "direction": 0,
      "card": 65538,
      "granted": false,
      "reason": 6
    },
    {
      "OID": "0.6.44",
      "device-id": 405419896,
      "index": 24,
      "timestamp": "2019-07-24 20:31:24 PDT",
      "event-type": 2,
      "door": 1,
      "direction": 1,
      "card": 8165533,
      "granted": true,
      "reason": 0
    },
    {
      "OID": "0.6.11",
      "device-id": 405419896,
      "index": 6,
      "timestamp": "2019-07-12 18:17:52 PDT",
      "event-type": 2,
      "door": 1,
      "direction": 1,
      "card": 8165535,
      "granted": true,
      "reason": 0
    },
    {
      "OID": "0.6.21",
      "device-id": 405419896,
      "index": 11,
      "timestamp": "2019-07-12 18:36:05 PDT",
      "event-type": 2,
      "door": 1,
      "direction": 1,
      "card": 8165530,
      "granted": true,
      "reason": 0
    },
    {
      "OID": "0.6.84",
      "device-id": 405419896,
      "index": 52,
      "timestamp": "",
      "event-type": 0,
      "door": 0,
      "direction": 0,
      "card": 0,
      "granted": false,
      "reason": 0
    },
    {
      "OID": "0.6.94",
      "device-id": 405419896,
      "index": 62,
      "timestamp": "2021-08-10 10:19:52 PDT",
      "event-type": 2,
      "door": 4,
      "direction": 1,
      "card": 8165530,
      "granted": true,
      "reason": 0,
      "door-name": "Hogsmeade"
    },
    {
      "OID": "0.6.20",
      "device-id": 201020304,
      "index": 1010,
      "timestamp": "2020-02-14 19:58:55 PST",
      "event-type": 1,
      "door": 4,
      "direction": 0,
      "card": 65538,
      "granted": false,
      "reason": 6
    },
    {
      "OID": "0.6.106",
      "device-id": 405419896,
      "index": 77,
      "timestamp": "2021-05-05 09:18:56 PDT",
      "event-type": 1,
      "door": 3,
      "direction": 1,
      "card": 8165538,
      "granted": false,
      "reason": 15,
      "door-name": "Dungeon"
    },
    {
      "OID": "0.6.8",
      "device-id": 201020304,
      "index": 1003,
      "timestamp": "2020-02-14 19:21:37 PST",
      "event-type": 1,
      "door": 4,
      "direction": 0,
      "card": 65538,
      "granted": false,
      "reason": 6
    },
    {
      "OID": "0.6.101",
      "device-id": 405419896,
      "index": 69,
      "timestamp": "2021-08-10 10:28:32 PDT",
      "event-type": 2,
      "door": 1,
      "direction": 1,
      "card": 8165537,
      "granted": true,
      "reason": 44,
      "door-name": "Great Hall"
    }
  ]
}