{
  "groups": [
    {
      "OID": "0.5.1",
      "name": "Gryffindor",
      "doors": [
        "0.3.1"
      ],
      "created": "2021-09-06 18:58:27 UTC",
      "modified": ""
    },
    {
      "OID": "0.5.2",
      "name": "Ravenclaw",
      "doors": [
        "0.3.2"
      ],
      "created": "2021-09-06 19:00:27 UTC",
      "modified": "2022-05-20 15:54:52 UTC"
    },
    {
      "OID": "0.5.3",
      "name": "Hufflepuff",
      "doors": [
        "0.3.3"
      ],
      "created": "2021-09-06 18:59:27 UTC",
      "modified": "2022-05-19 18:21:29 UTC"
    },
    {
      "OID": "0.5.4",
      "name": "Slytherin",
      "doors": [
        "0.3.4"
      ],
      "created": "2021-09-06 19:01:27 UTC",
      "modified": "2022-05-20 15:54:52 UTC"
    }
  ]
}
