{
  "history": [
    {
      "timestamp": "2024-09-04T17:34:10.231525573Z",
      "item": "card",
      "id": "",
      "field": "card",
      "before": "0",
      "after": "10058401"
    },
    {
      "timestamp": "2024-09-04T17:34:10.214823739Z",
      "item": "card",
      "id": "",
      "field": "name",
      "after": "Luna"
    },
    {
      "timestamp": "2024-09-04T17:34:01.202138026Z",
      "item": "card",
      "id": "",
      "field": "card"
    },
    {
      "timestamp": "2024-09-04T17:33:46.631311899Z",
      "item": "user",
      "id": "woot",
      "field": "user"
    }
  ]
}