{
  "history": [
    {
      "timestamp": "2024-08-21T19:10:14.942204444Z",
      "item": "user",
      "id": "wild",
      "field": "user"
    },
    {
      "timestamp": "2024-08-21T19:01:13.11936401Z",
      "item": "user",
      "id": "wild",
      "field": "user",
      "before": "wild"
    },
    {
      "timestamp": "2024-08-21T19:00:46.520731529Z",
      "item": "user",
      "id": "wild",
      "field": "user"
    },
    {
      "timestamp": "2023-09-25T11:49:54.826027-07:00",
      "item": "door",
      "id": "405419896/1",
      "field": "passcodes",
      "before": "****",
      "after": "****"
    },
    {
      "timestamp": "2023-09-25T11:34:41.145075-07:00",
      "item": "door",
      "id": "405419896/2",
      "field": "passcodes",
      "before": "****",
      "after": "****"
    },
    {
      "timestamp": "2023-09-25T11:34:34.323361-07:00",
      "item": "door",
      "id": "405419896/1",
      "field": "passcodes",
      "before": "****",
      "after": "****"
    },
    {
      "timestamp": "2023-09-25T11:31:28.81294-07:00",
      "item": "door",
      "id": "405419896/1",
      "field": "passcodes",
      "before": "****",
      "after": "****"
    },
    {
      "timestamp": "2023-09-25T11:31:11.988918-07:00",
      "item": "door",
      "id": "405419896/1",
      "field": "passcodes",
      "before": "****",
      "after": "****"
    },
    {
      "timestamp": "2023-09-25T11:18:35.407242-07:00",
      "item": "door",
      "id": "405419896/3",
      "field": "passcodes",
      "before": "****",
      "after": "****"
    },
    {
      "timestamp": "2023-09-25T11:04:19.388397-07:00",
      "item": "door",
      "id": "405419896/1",
      "field": "passcodes",
      "before": "false",
      "after": "123456"
    },
    {
      "timestamp": "2023-09-25T11:01:23.014676-07:00",
      "item": "door",
      "id": "405419896/1",
      "field": "passcodes",
      "before": "false",
      "after": "12345"
    },
    {
      "timestamp": "2023-09-25T11:00:21.719417-07:00",
      "item": "door",
      "id": "405419896/1",
      "field": "passcodes",
      "before": "false",
      "after": "12345"
    },
    {
      "timestamp": "2023-09-25T10:56:48.156618-07:00",
      "item": "door",
      "id": "405419896/1",
      "field": "passcodes",
      "before": "false",
      "after": "12345"
    },
    {
      "timestamp": "2023-09-25T10:54:43.152789-07:00",
      "item": "door",
      "id": "405419896/1",
      "field": "passcodes",
      "before": "false",
      "after": "12345"
    },
    {
      "timestamp": "2023-09-25T10:53:35.322968-07:00",
      "item": "door",
      "id": "405419896/1",
      "field": "passcodes",
      "before": "false",
      "after": "12345"
    },
    {
      "timestamp": "2023-09-25T10:51:15.195838-07:00",
      "item": "door",
      "id": "405419896/1",
      "field": "passcodes",
      "before": "false",
      "after": "12345"
    },
    {
      "timestamp": "2023-09-25T10:48:38.818475-07:00",
      "item": "door",
      "id": "405419896/1",
      "field": "passcodes",
      "before": "false",
      "after": "12345,678"
    },
    {
      "timestamp": "2023-08-01T09:38:28.290394-07:00",
      "item": "controller",
      "id": "303986753",
      "field": "name",
      "before": "BetaX",
      "after": "Beta"
    },
    {
      "timestamp": "2023-08-01T09:38:08.663807-07:00",
      "item": "controller",
      "id": "303986753",
      "field": "name",
      "before": "Beta",
      "after": "BetaX"
    },
    {
      "timestamp": "2023-08-01T09:15:18.230297-07:00",
      "item": "controller",
      "id": "303986753",
      "field": "name",
      "before": "BetaX",
      "after": "Beta"
    },
    {
      "timestamp": "2023-08-01T09:13:32.792663-07:00",
      "item": "controller",
      "id": "303986753",
      "field": "name",
      "before": "Beta",
      "after": "BetaX"
    },
    {
      "timestamp": "2023-08-01T09:12:38.791292-07:00",
      "item": "controller",
      "id": "303986753",
      "field": "name",
      "before": "BetaX",
      "after": "Beta"
    },
    {
      "timestamp": "2023-08-01T09:10:56.707103-07:00",
      "item": "controller",
      "id": "303986753",
      "field": "name",
      "before": "Beta",
      "after": "BetaX"
    },
    {
      "timestamp": "2023-07-12T11:25:39.8407-07:00",
      "item": "door",
      "id": "405419896/4",
      "field": "door"
    },
    {
      "timestamp": "2023-07-12T11:25:39.836808-07:00",
      "item": "door",
      "id": "405419896/4",
      "field": "keypad",
      "before": "false",
      "after": "true"
    },
    {
      "timestamp": "2023-07-12T11:25:39.834165-07:00",
      "item": "door",
      "id": "405419896/1",
      "field": "door"
    },
    {
      "timestamp": "2023-07-12T11:25:39.831245-07:00",
      "item": "door",
      "id": "405419896/1",
      "field": "keypad",
      "before": "true",
      "after": "false"
    },
    {
      "timestamp": "2023-07-12T11:25:27.848187-07:00",
      "item": "door",
      "id": "303986753/1",
      "field": "door"
    },
    {
      "timestamp": "2023-07-12T11:25:27.84497-07:00",
      "item": "door",
      "id": "303986753/1",
      "field": "keypad",
      "before": "false",
      "after": "true"
    },
    {
      "timestamp": "2023-07-12T11:25:27.842306-07:00",
      "item": "door",
      "id": "405419896/1",
      "field": "door"
    },
    {
      "timestamp": "2023-07-12T11:25:27.83852-07:00",
      "item": "door",
      "id": "405419896/1",
      "field": "keypad",
      "before": "false",
      "after": "true"
    },
    {
      "timestamp": "2023-07-12T11:25:18.937175-07:00",
      "item": "door",
      "id": "405419896/4",
      "field": "door"
    },
    {
      "timestamp": "2023-07-12T11:25:18.933525-07:00",
      "item": "door",
      "id": "405419896/4",
      "field": "keypad",
      "before": "true",
      "after": "false"
    },
    {
      "timestamp": "2023-07-12T11:25:09.939666-07:00",
      "item": "door",
      "id": "405419896/1",
      "field": "door"
    },
    {
      "timestamp": "2023-07-12T11:25:09.935698-07:00",
      "item": "door",
      "id": "405419896/1",
      "field": "keypad",
      "before": "true",
      "after": "false"
    },
    {
      "timestamp": "2023-07-12T11:24:20.580024-07:00",
      "item": "door",
      "id": "405419896/4",
      "field": "door"
    },
    {
      "timestamp": "2023-07-12T11:24:20.576493-07:00",
      "item": "door",
      "id": "405419896/4",
      "field": "keypad",
      "before": "false",
      "after": "true"
    },
    {
      "timestamp": "2023-07-12T11:24:20.573153-07:00",
      "item": "door",
      "id": "405419896/1",
      "field": "door"
    },
    {
      "timestamp": "2023-07-12T11:24:20.570434-07:00",
      "item": "door",
      "id": "405419896/1",
      "field": "keypad",
      "before": "false",
      "after": "true"
    },
    {
      "timestamp": "2023-07-12T11:23:34.010138-07:00",
      "item": "door",
      "id": "303986753/4",
      "field": "door"
    },
    {
      "timestamp": "2023-07-12T11:23:34.007691-07:00",
      "item": "door",
      "id": "303986753/4",
      "field": "keypad",
      "before": "true",
      "after": "false"
    },
    {
      "timestamp": "2023-07-12T11:23:34.004697-07:00",
      "item": "door",
      "id": "405419896/2",
      "field": "door"
    },
    {
      "timestamp": "2023-07-12T11:23:34.001223-07:00",
      "item": "door",
      "id": "405419896/2",
      "field": "keypad",
      "before": "true",
      "after": "false"
    },
    {
      "timestamp": "2023-07-12T11:23:33.998795-07:00",
      "item": "door",
      "id": "405419896/1",
      "field": "door"
    },
    {
      "timestamp": "2023-07-12T11:23:33.996136-07:00",
      "item": "door",
      "id": "405419896/1",
      "field": "keypad",
      "before": "true",
      "after": "false"
    },
    {
      "timestamp": "2023-07-12T11:23:25.140566-07:00",
      "item": "door",
      "id": "303986753/4",
      "field": "door"
    },
    {
      "timestamp": "2023-07-12T11:23:25.137901-07:00",
      "item": "door",
      "id": "303986753/4",
      "field": "keypad",
      "before": "false",
      "after": "true"
    },
    {
      "timestamp": "2023-07-12T11:23:25.134617-07:00",
      "item": "door",
      "id": "405419896/1",
      "field": "door"
    },
    {
      "timestamp": "2023-07-12T11:23:25.131845-07:00",
      "item": "door",
      "id": "405419896/1",
      "field": "keypad",
      "before": "false",
      "after": "true"
    },
    {
      "timestamp": "2023-07-12T11:23:16.909042-07:00",
      "item": "door",
      "id": "405419896/2",
      "field": "door"
    },
    {
      "timestamp": "2023-07-12T11:23:16.90612-07:00",
      "item": "door",
      "id": "405419896/2",
      "field": "keypad",
      "before": "false",
      "after": "true"
    },
    {
      "timestamp": "2023-07-12T11:23:11.013029-07:00",
      "item": "door",
      "id": "405419896/1",
      "field": "door"
    },
    {
      "timestamp": "2023-07-12T11:23:11.009838-07:00",
      "item": "door",
      "id": "405419896/1",
      "field": "keypad",
      "before": "true",
      "after": "false"
    },
    {
      "timestamp": "2023-07-12T11:22:12.073033-07:00",
      "item": "door",
      "id": "405419896/1",
      "field": "door"
    },
    {
      "timestamp": "2023-07-12T11:22:12.069954-07:00",
      "item": "door",
      "id": "405419896/1",
      "field": "keypad",
      "before": "false",
      "after": "true"
    },
    {
      "timestamp": "2023-07-12T11:20:24.366103-07:00",
      "item": "door",
      "id": "405419896/1",
      "field": "door"
    },
    {
      "timestamp": "2023-07-12T11:20:24.362305-07:00",
      "item": "door",
      "id": "405419896/1",
      "field": "keypad",
      "before": "true",
      "after": "false"
    },
    {
      "timestamp": "2023-07-12T11:06:08.416811-07:00",
      "item": "door",
      "id": "405419896/1",
      "field": "door"
    },
    {
      "timestamp": "2023-07-12T11:06:08.413014-07:00",
      "item": "door",
      "id": "405419896/1",
      "field": "keypad",
      "before": "false",
      "after": "true"
    },
    {
      "timestamp": "2023-07-12T11:05:07.732268-07:00",
      "item": "door",
      "id": "405419896/1",
      "field": "door"
    },
    {
      "timestamp": "2023-07-12T11:05:07.727358-07:00",
      "item": "door",
      "id": "405419896/1",
      "field": "keypad",
      "before": "true",
      "after": "false"
    },
    {
      "timestamp": "2023-07-12T10:53:27.708007-07:00",
      "item": "door",
      "id": "405419896/1",
      "field": "door"
    },
    {
      "timestamp": "2023-07-12T10:53:27.705121-07:00",
      "item": "door",
      "id": "405419896/1",
      "field": "keypad",
      "before": "false",
      "after": "true"
    },
    {
      "timestamp": "2023-07-12T10:48:44.607202-07:00",
      "item": "door",
      "id": "405419896/1",
      "field": "door"
    },
    {
      "timestamp": "2023-07-12T10:48:44.604367-07:00",
      "item": "door",
      "id": "405419896/1",
      "field": "keypad",
      "before": "true",
      "after": "false"
    },
    {
      "timestamp": "2023-07-12T10:30:00.275019-07:00",
      "item": "door",
      "id": "405419896/1",
      "field": "door"
    },
    {
      "timestamp": "2023-07-12T10:30:00.272129-07:00",
      "item": "door",
      "id": "405419896/1",
      "field": "keypad",
      "before": "false",
      "after": "true"
    },
    {
      "timestamp": "2023-07-12T10:24:45.369695-07:00",
      "item": "door",
      "id": "405419896/1",
      "field": "door"
    },
    {
      "timestamp": "2023-07-12T10:24:45.366635-07:00",
      "item": "door",
      "id": "405419896/1",
      "field": "keypad",
      "before": "false",
      "after": "false"
    },
    {
      "timestamp": "2023-07-12T10:22:54.462122-07:00",
      "item": "door",
      "id": "405419896/1",
      "field": "door"
    },
    {
      "timestamp": "2023-07-12T10:22:54.459119-07:00",
      "item": "door",
      "id": "405419896/1",
      "field": "keypad",
      "before": "false",
      "after": "false"
    },
    {
      "timestamp": "2023-06-07T13:12:30.334666-07:00",
      "item": "controller",
      "id": "405419896",
      "field": "interlock",
      "before": "disabled",
      "after": "1\u00262"
    },
    {
      "timestamp": "2023-06-07T13:11:55.007545-07:00",
      "item": "controller",
      "id": "303986753",
      "field": "interlock",
      "before": "3\u00264",
      "after": "1\u00262\u00263\u00264"
    },
    {
      "timestamp": "2023-06-07T13:11:50.878568-07:00",
      "item": "controller",
      "id": "303986753",
      "field": "interlock",
      "before": "1\u00262\u00263",
      "after": "3\u00264"
    },
    {
      "timestamp": "2023-06-07T13:10:30.392841-07:00",
      "item": "controller",
      "id": "303986753",
      "field": "interlock",
      "before": "3\u00264",
      "after": "1\u00262\u00263"
    },
    {
      "timestamp": "2023-06-07T13:09:25.191248-07:00",
      "item": "controller",
      "id": "303986753",
      "field": "interlock",
      "before": "1\u00262",
      "after": "3\u00264"
    },
    {
      "timestamp": "2023-06-07T13:09:08.898841-07:00",
      "item": "controller",
      "id": "303986753",
      "field": "interlock",
      "before": "1\u00262",
      "after": "1\u00262"
    },
    {
      "timestamp": "2023-06-07T13:06:22.104011-07:00",
      "item": "controller",
      "id": "303986753",
      "field": "interlock",
      "before": "2",
      "after": "1"
    },
    {
      "timestamp": "2023-06-07T12:58:18.219627-07:00",
      "item": "controller",
      "id": "303986753",
      "field": "interlock",
      "before": "1",
      "after": "2"
    },
    {
      "timestamp": "2023-06-07T12:56:53.09427-07:00",
      "item": "controller",
      "id": "303986753",
      "field": "interlock",
      "before": "2",
      "after": "1"
    },
    {
      "timestamp": "2023-06-07T12:54:36.224006-07:00",
      "item": "controller",
      "id": "303986753",
      "field": "interlock",
      "before": "1",
      "after": "2"
    },
    {
      "timestamp": "2023-06-07T12:31:59.512272-07:00",
      "item": "controller",
      "id": "303986753",
      "field": "interlock",
      "before": "0",
      "after": "1"
    },
    {
      "timestamp": "2023-03-03T11:46:11.701466-08:00",
      "item": "card",
      "id": "8165537",
      "field": "name",
      "before": "Harryx",
      "after": "Harry"
    },
    {
      "timestamp": "2023-03-03T11:46:03.892626-08:00",
      "item": "card",
      "id": "8165537",
      "field": "name",
      "before": "Harry",
      "after": "Harryx"
    },
    {
      "timestamp": "2023-03-02T11:48:54.731823-08:00",
      "item": "card",
      "id": "8165539",
      "field": "to",
      "after": "2023-12-31"
    },
    {
      "timestamp": "2023-03-02T11:48:54.728658-08:00",
      "item": "card",
      "id": "8165539",
      "field": "from",
      "after": "2023-01-01"
    },
    {
      "timestamp": "2023-03-02T11:48:39.723489-08:00",
      "item": "card",
      "id": "8165538",
      "field": "to",
      "after": "2023-12-31"
    },
    {
      "timestamp": "2023-03-02T11:48:39.721431-08:00",
      "item": "card",
      "id": "8165538",
      "field": "from",
      "after": "2023-01-01"
    },
    {
      "timestamp": "2023-03-02T11:48:23.695453-08:00",
      "item": "card",
      "id": "8165537",
      "field": "pin",
      "before": "8165537",
      "after": "----"
    },
    {
      "timestamp": "2023-03-02T11:48:01.785636-08:00",
      "item": "card",
      "id": "8165537",
      "field": "pin",
      "before": "8165537",
      "after": "----"
    },
    {
      "timestamp": "2023-03-02T11:47:32.019667-08:00",
      "item": "card",
      "id": "8165537",
      "field": "pin",
      "before": "8165537",
      "after": "----"
    },
    {
      "timestamp": "2023-03-02T11:47:07.291738-08:00",
      "item": "card",
      "id": "8165537",
      "field": "pin",
      "before": "8165537",
      "after": "----"
    },
    {
      "timestamp": "2023-03-02T11:47:02.386677-08:00",
      "item": "card",
      "id": "8165537",
      "field": "pin",
      "before": "8165537",
      "after": "----"
    },
    {
      "timestamp": "2023-03-02T11:42:00.299616-08:00",
      "item": "card",
      "id": "8165537",
      "field": "pin",
      "before": "8165537",
      "after": "----"
    },
    {
      "timestamp": "2023-03-02T11:38:17.619524-08:00",
      "item": "card",
      "id": "8165537",
      "field": "pin",
      "before": "8165537",
      "after": "----"
    },
    {
      "timestamp": "2023-03-02T11:32:46.557527-08:00",
      "item": "card",
      "id": "8165537",
      "field": "pin",
      "before": "8165537",
      "after": "----"
    },
    {
      "timestamp": "2023-03-02T11:32:19.893692-08:00",
      "item": "card",
      "id": "8165537",
      "field": "pin",
      "before": "8165537",
      "after": "----"
    },
    {
      "timestamp": "2023-03-02T11:29:37.603582-08:00",
      "item": "card",
      "id": "8165537",
      "field": "pin",
      "before": "8165537",
      "after": "----"
    },
    {
      "timestamp": "2023-03-02T11:28:49.119644-08:00",
      "item": "card",
      "id": "8165537",
      "field": "pin",
      "before": "8165537",
      "after": "----"
    },
    {
      "timestamp": "2023-03-02T11:25:55.619364-08:00",
      "item": "card",
      "id": "8165537",
      "field": "pin",
      "before": "8165537",
      "after": "----"
    },
    {
      "timestamp": "2023-03-02T11:25:51.483435-08:00",
      "item": "card",
      "id": "8165537",
      "field": "name",
      "before": "HarryX",
      "after": "Harry"
    },
    {
      "timestamp": "2023-03-02T11:25:45.157922-08:00",
      "item": "card",
      "id": "8165537",
      "field": "name",
      "before": "Harry",
      "after": "HarryX"
    },
    {
      "timestamp": "2023-03-02T10:44:17.2343-08:00",
      "item": "card",
      "id": "8165537",
      "field": "to",
      "after": "2023-12-31"
    },
    {
      "timestamp": "2023-03-02T10:44:17.231697-08:00",
      "item": "card",
      "id": "8165537",
      "field": "from",
      "after": "2023-01-01"
    },
    {
      "timestamp": "2023-03-02T10:36:13.29672-08:00",
      "item": "card",
      "id": "8165537",
      "field": "pin",
      "before": "8165537",
      "after": "----"
    },
    {
      "timestamp": "2023-03-02T09:56:31.255447-08:00",
      "item": "card",
      "id": "8165538",
      "field": "group"
    },
    {
      "timestamp": "2023-03-02T09:56:31.253586-08:00",
      "item": "card",
      "id": "8165538",
      "field": "group"
    },
    {
      "timestamp": "2023-03-02T09:56:31.251832-08:00",
      "item": "card",
      "id": "8165538",
      "field": "group"
    },
    {
      "timestamp": "2023-03-02T09:56:31.250339-08:00",
      "item": "card",
      "id": "8165537",
      "field": "group"
    },
    {
      "timestamp": "2023-03-02T09:56:31.2488-08:00",
      "item": "card",
      "id": "8165537",
      "field": "group"
    },
    {
      "timestamp": "2023-03-02T09:56:31.247397-08:00",
      "item": "card",
      "id": "8165539",
      "field": "group"
    },
    {
      "timestamp": "2023-03-02T09:56:31.245956-08:00",
      "item": "card",
      "id": "8165539",
      "field": "group"
    },
    {
      "timestamp": "2023-03-02T09:56:10.445091-08:00",
      "item": "card",
      "id": "8165538",
      "field": "name",
      "after": "Hermione"
    },
    {
      "timestamp": "2023-03-02T09:56:10.443538-08:00",
      "item": "card",
      "id": "8165537",
      "field": "name",
      "after": "Harry"
    },
    {
      "timestamp": "2023-03-02T09:56:10.441773-08:00",
      "item": "card",
      "id": "8165539",
      "field": "name",
      "after": "Dumbledore"
    },
    {
      "timestamp": "2023-03-02T09:55:35.217345-08:00",
      "item": "controller",
      "id": "303986753",
      "field": "door:4",
      "after": "0.3.7"
    },
    {
      "timestamp": "2023-03-02T09:55:35.215757-08:00",
      "item": "controller",
      "id": "303986753",
      "field": "door:3",
      "after": "0.3.6"
    },
    {
      "timestamp": "2023-03-02T09:55:35.214529-08:00",
      "item": "controller",
      "id": "303986753",
      "field": "door:2",
      "after": "0.3.5"
    },
    {
      "timestamp": "2023-03-02T09:55:35.212965-08:00",
      "item": "controller",
      "id": "303986753",
      "field": "door:1",
      "after": "0.3.4"
    },
    {
      "timestamp": "2023-03-02T09:55:22.511905-08:00",
      "item": "controller",
      "id": "405419896",
      "field": "door:4",
      "after": "0.3.8"
    },
    {
      "timestamp": "2023-03-02T09:55:22.510595-08:00",
      "item": "controller",
      "id": "405419896",
      "field": "door:3",
      "after": "0.3.3"
    },
    {
      "timestamp": "2023-03-02T09:55:22.50922-08:00",
      "item": "controller",
      "id": "405419896",
      "field": "door:2",
      "after": "0.3.2"
    },
    {
      "timestamp": "2023-03-02T09:55:22.507836-08:00",
      "item": "controller",
      "id": "405419896",
      "field": "door:1",
      "after": "0.3.1"
    },
    {
      "timestamp": "2023-03-02T09:55:03.548869-08:00",
      "item": "door",
      "id": "0/0",
      "field": "name",
      "after": "Hogsmeade"
    },
    {
      "timestamp": "2023-03-02T09:54:58.840823-08:00",
      "item": "door",
      "id": "0/0",
      "field": "door"
    },
    {
      "timestamp": "2023-03-02T09:54:57.402774-08:00",
      "item": "door",
      "id": "0/0",
      "field": "name",
      "after": "Slytherin"
    },
    {
      "timestamp": "2023-03-02T09:54:51.360329-08:00",
      "item": "door",
      "id": "0/0",
      "field": "door"
    },
    {
      "timestamp": "2023-03-02T09:54:49.906256-08:00",
      "item": "door",
      "id": "0/0",
      "field": "name",
      "after": "Ravensclaw"
    },
    {
      "timestamp": "2023-03-02T09:54:44.076998-08:00",
      "item": "door",
      "id": "0/0",
      "field": "door"
    },
    {
      "timestamp": "2023-03-02T09:54:42.610294-08:00",
      "item": "door",
      "id": "0/0",
      "field": "name",
      "after": "Hufflepuff"
    },
    {
      "timestamp": "2023-03-02T09:54:31.281921-08:00",
      "item": "door",
      "id": "0/0",
      "field": "door"
    },
    {
      "timestamp": "2023-03-02T09:54:27.692774-08:00",
      "item": "door",
      "id": "0/0",
      "field": "name",
      "after": "Gryffindor "
    },
    {
      "timestamp": "2023-03-02T09:53:48.425133-08:00",
      "item": "door",
      "id": "0/0",
      "field": "door"
    },
    {
      "timestamp": "2023-03-02T09:53:47.281703-08:00",
      "item": "door",
      "id": "0/0",
      "field": "name",
      "after": "Dungeon"
    },
    {
      "timestamp": "2023-03-02T09:53:42.930156-08:00",
      "item": "door",
      "id": "0/0",
      "field": "door"
    },
    {
      "timestamp": "2023-03-02T09:53:41.809196-08:00",
      "item": "door",
      "id": "0/0",
      "field": "name",
      "after": "Kitchen"
    },
    {
      "timestamp": "2023-03-02T09:53:37.113989-08:00",
      "item": "door",
      "id": "0/0",
      "field": "door"
    },
    {
      "timestamp": "2023-03-02T09:53:08.481916-08:00",
      "item": "door",
      "id": "0/0",
      "field": "name",
      "after": "Great Hall"
    },
    {
      "timestamp": "2023-03-02T09:53:00.395518-08:00",
      "item": "door",
      "id": "0/0",
      "field": "door"
    },
    {
      "timestamp": "2023-03-02T09:52:12.115035-08:00",
      "item": "controller",
      "id": "405419896",
      "field": "name",
      "after": "Alpha"
    },
    {
      "timestamp": "2023-03-02T09:52:11.363231-08:00",
      "item": "controller",
      "id": "303986753",
      "field": "name",
      "after": "Beta"
    },
    {
      "timestamp": "2023-03-02T09:51:58.259857-08:00",
      "item": "controller",
      "id": "0",
      "field": "device-id"
    },
    {
      "timestamp": "2023-02-13T14:45:24.420394-08:00",
      "item": "controller",
      "id": "0",
      "field": "name",
      "after": "Alpha"
    },
    {
      "timestamp": "2023-02-13T14:45:14.098149-08:00",
      "item": "controller",
      "id": "0",
      "field": "controller"
    },
    {
      "timestamp": "2023-02-13T14:44:53.034613-08:00",
      "item": "card",
      "id": "",
      "field": "card"
    },
    {
      "timestamp": "2023-02-13T14:44:45.716723-08:00",
      "item": "door",
      "id": "0/0",
      "field": "door"
    }
  ]
}